Instance,Algorithm,Repetition,Cost,Time_s
N-be75eec_150,ILS,1,3420800,0.235656
N-be75eec_150,ILS,1,3427799,0.322238
N-be75eec_150,ILS,1,3434001,0.432740
N-be75eec_150,ILS,1,3435987,0.513254
N-be75eec_150,ILS,1,3445410,0.574340
N-be75eec_150,ILS,1,3447051,0.631781
N-be75eec_150,ILS,1,3447127,0.796784
N-be75eec_150,ILS,1,3448368,0.926751
N-be75eec_150,ILS,1,3450414,1.071640
N-be75eec_150,ILS,1,3450591,1.292605
N-be75eec_150,ILS,1,3457117,1.587178
N-be75eec_150,ILS,1,3457430,2.063594
N-be75eec_150,ILS,1,3457619,2.150890
N-be75eec_150,ILS,1,3457968,2.457644
N-be75eec_150,ILS,1,3458090,3.654093
N-be75eec_150,ILS,1,3459766,3.864691
N-be75eec_150,ILS,1,3460118,4.364272
N-be75eec_150,ILS,1,3461343,4.551210
N-be75eec_150,ILS,1,3461353,5.376622
N-be75eec_150,ILS,1,3461838,5.610199
N-be75eec_150,ILS,1,3461873,8.159496
N-be75eec_150,ILS,1,3462010,9.138808
N-be75eec_150,ILS,1,3462405,17.226600
N-be75eec_150,ILS,1,3463658,20.432588
N-be75eec_150,ILS,1,3463988,22.261940
N-be75eec_150,ILS,1,3464338,23.087453
N-be75eec_150,ILS,1,3464676,27.289879
N-be75eec_150,ILS,1,3464975,29.793921
N-be75eec_150,ILS,1,3465052,36.562588
N-be75eec_150,ILS,1,3465091,52.704396
N-be75eec_150,ILS,1,3465127,53.820927
N-be75eec_150,ILS,1,3465376,58.633356
N-be75eec_150,ILS,1,3465620,60.938808
N-be75eec_150,ILS,1,3465620,60.938833
N-be75eec_150,ILS,2,3420800,0.235468
N-be75eec_150,ILS,2,3425741,0.284398
N-be75eec_150,ILS,2,3430129,0.331889
N-be75eec_150,ILS,2,3441771,0.543659
N-be75eec_150,ILS,2,3444382,0.883097
N-be75eec_150,ILS,2,3444413,1.615849
N-be75eec_150,ILS,2,3446082,1.666852
N-be75eec_150,ILS,2,3446488,1.718479
N-be75eec_150,ILS,2,3447295,1.846300
N-be75eec_150,ILS,2,3449892,1.911285
N-be75eec_150,ILS,2,3451841,1.943793
N-be75eec_150,ILS,2,3453025,2.320247
N-be75eec_150,ILS,2,3454238,2.453659
N-be75eec_150,ILS,2,3455819,2.581916
N-be75eec_150,ILS,2,3458040,2.626120
N-be75eec_150,ILS,2,3460665,3.544411
N-be75eec_150,ILS,2,3465707,3.999421
N-be75eec_150,ILS,2,3465707,3.999452
N-be75eec_150,ILS,3,3420800,0.250736
N-be75eec_150,ILS,3,3425335,0.314693
N-be75eec_150,ILS,3,3427228,0.516012
N-be75eec_150,ILS,3,3429307,0.980091
N-be75eec_150,ILS,3,3431237,1.030982
N-be75eec_150,ILS,3,3449483,1.134475
N-be75eec_150,ILS,3,3450521,1.342339
N-be75eec_150,ILS,3,3450889,2.139481
N-be75eec_150,ILS,3,3454786,2.177674
N-be75eec_150,ILS,3,3455480,2.241793
N-be75eec_150,ILS,3,3455907,2.291069
N-be75eec_150,ILS,3,3459298,2.330457
N-be75eec_150,ILS,3,3466724,2.446870
N-be75eec_150,ILS,3,3466724,2.446891
N-be75eec_150,ILS,4,3420800,0.234764
N-be75eec_150,ILS,4,3422767,0.367516
N-be75eec_150,ILS,4,3427482,0.412344
N-be75eec_150,ILS,4,3433109,0.638190
N-be75eec_150,ILS,4,3433146,0.703818
N-be75eec_150,ILS,4,3434109,0.831184
N-be75eec_150,ILS,4,3436907,0.886009
N-be75eec_150,ILS,4,3441918,1.118410
N-be75eec_150,ILS,4,3445019,1.334335
N-be75eec_150,ILS,4,3446784,1.398733
N-be75eec_150,ILS,4,3453975,2.165039
N-be75eec_150,ILS,4,3455919,2.384017
N-be75eec_150,ILS,4,3456995,2.536559
N-be75eec_150,ILS,4,3464830,3.216776
N-be75eec_150,ILS,4,3465372,3.314876
N-be75eec_150,ILS,4,3465556,3.915245
N-be75eec_150,ILS,4,3465556,3.915270
N-be75eec_150,ILS,5,3420800,0.237263
N-be75eec_150,ILS,5,3421873,0.289742
N-be75eec_150,ILS,5,3421986,0.310610
N-be75eec_150,ILS,5,3422821,0.456835
N-be75eec_150,ILS,5,3445462,0.815387
N-be75eec_150,ILS,5,3454846,0.872878
N-be75eec_150,ILS,5,3455897,0.965048
N-be75eec_150,ILS,5,3456849,1.364130
N-be75eec_150,ILS,5,3459158,1.425028
N-be75eec_150,ILS,5,3460185,1.979488
N-be75eec_150,ILS,5,3461392,2.470807
N-be75eec_150,ILS,5,3461485,2.616603
N-be75eec_150,ILS,5,3462799,2.787921
N-be75eec_150,ILS,5,3463765,3.005415
N-be75eec_150,ILS,5,3464641,3.508662
N-be75eec_150,ILS,5,3464814,3.978567
N-be75eec_150,ILS,5,3464927,4.322800
N-be75eec_150,ILS,5,3465110,4.771902
N-be75eec_150,ILS,5,3465590,4.849058
N-be75eec_150,ILS,5,3465590,4.849081
N-be75eec_150,ILS,6,3420800,0.235651
N-be75eec_150,ILS,6,3420838,0.397425
N-be75eec_150,ILS,6,3422581,0.449759
N-be75eec_150,ILS,6,3423447,0.512844
N-be75eec_150,ILS,6,3434455,0.553839
N-be75eec_150,ILS,6,3437298,0.594084
N-be75eec_150,ILS,6,3441811,0.705836
N-be75eec_150,ILS,6,3442921,0.780499
N-be75eec_150,ILS,6,3448145,0.959401
N-be75eec_150,ILS,6,3450522,0.986627
N-be75eec_150,ILS,6,3453646,1.108931
N-be75eec_150,ILS,6,3453896,1.209496
N-be75eec_150,ILS,6,3455865,1.397840
N-be75eec_150,ILS,6,3456580,1.585004
N-be75eec_150,ILS,6,3457295,1.837782
N-be75eec_150,ILS,6,3460476,2.003245
N-be75eec_150,ILS,6,3460944,2.177007
N-be75eec_150,ILS,6,3462161,2.380910
N-be75eec_150,ILS,6,3462163,2.599623
N-be75eec_150,ILS,6,3462219,3.994870
N-be75eec_150,ILS,6,3462364,4.687751
N-be75eec_150,ILS,6,3464280,4.795971
N-be75eec_150,ILS,6,3466309,6.050777
N-be75eec_150,ILS,6,3466309,6.050809
N-be75eec_150,ILS,7,3420800,0.236447
N-be75eec_150,ILS,7,3421911,0.295569
N-be75eec_150,ILS,7,3422643,0.566783
N-be75eec_150,ILS,7,3426552,0.647282
N-be75eec_150,ILS,7,3428193,0.682017
N-be75eec_150,ILS,7,3435469,0.746758
N-be75eec_150,ILS,7,3441835,0.805891
N-be75eec_150,ILS,7,3442221,0.865881
N-be75eec_150,ILS,7,3452306,0.954163
N-be75eec_150,ILS,7,3453184,0.998834
N-be75eec_150,ILS,7,3460626,1.104769
N-be75eec_150,ILS,7,3460981,1.511272
N-be75eec_150,ILS,7,3462175,1.542230
N-be75eec_150,ILS,7,3464365,1.769861
N-be75eec_150,ILS,7,3465373,1.813544
N-be75eec_150,ILS,7,3465895,2.248732
N-be75eec_150,ILS,7,3465895,2.248757
N-be75eec_150,ILS,8,3420800,0.233694
N-be75eec_150,ILS,8,3422549,0.551861
N-be75eec_150,ILS,8,3431181,0.653038
N-be75eec_150,ILS,8,3434958,0.781463
N-be75eec_150,ILS,8,3440058,0.812539
N-be75eec_150,ILS,8,3440608,0.980514
N-be75eec_150,ILS,8,3447644,1.016096
N-be75eec_150,ILS,8,3448611,1.072010
N-be75eec_150,ILS,8,3449911,1.256544
N-be75eec_150,ILS,8,3454524,1.321530
N-be75eec_150,ILS,8,3455094,1.357835
N-be75eec_150,ILS,8,3455577,1.399153
N-be75eec_150,ILS,8,3456440,1.487155
N-be75eec_150,ILS,8,3462637,1.551023
N-be75eec_150,ILS,8,3466490,1.661223
N-be75eec_150,ILS,8,3466490,1.661246
N-be75eec_150,ILS,9,3420800,0.235105
N-be75eec_150,ILS,9,3429291,0.351688
N-be75eec_150,ILS,9,3438973,0.421816
N-be75eec_150,ILS,9,3441684,0.474861
N-be75eec_150,ILS,9,3452572,0.577367
N-be75eec_150,ILS,9,3456965,0.908401
N-be75eec_150,ILS,9,3458194,1.161192
N-be75eec_150,ILS,9,3458361,1.939301
N-be75eec_150,ILS,9,3459115,1.986441
N-be75eec_150,ILS,9,3461299,2.113936
N-be75eec_150,ILS,9,3461317,2.939863
N-be75eec_150,ILS,9,3462360,3.450839
N-be75eec_150,ILS,9,3462401,3.589137
N-be75eec_150,ILS,9,3462896,4.288418
N-be75eec_150,ILS,9,3464778,4.741188
N-be75eec_150,ILS,9,3465159,9.427989
N-be75eec_150,ILS,9,3466217,9.578086
N-be75eec_150,ILS,9,3466217,9.578111
N-be75eec_150,ILS,10,3420800,0.234076
N-be75eec_150,ILS,10,3421581,0.422923
N-be75eec_150,ILS,10,3421864,0.502455
N-be75eec_150,ILS,10,3440270,0.566094
N-be75eec_150,ILS,10,3442757,0.630378
N-be75eec_150,ILS,10,3449467,0.714702
N-be75eec_150,ILS,10,3451917,0.781570
N-be75eec_150,ILS,10,3453643,0.891120
N-be75eec_150,ILS,10,3456740,0.939316
N-be75eec_150,ILS,10,3457636,1.005014
N-be75eec_150,ILS,10,3460149,1.048579
N-be75eec_150,ILS,10,3461502,1.100708
N-be75eec_150,ILS,10,3461912,1.337473
N-be75eec_150,ILS,10,3462793,1.421732
N-be75eec_150,ILS,10,3464026,1.565617
N-be75eec_150,ILS,10,3464823,1.671326
N-be75eec_150,ILS,10,3467174,1.831017
N-be75eec_150,ILS,10,3467174,1.831044
N-be75eec_150,ILS,11,3420800,0.235438
N-be75eec_150,ILS,11,3420882,0.405839
N-be75eec_150,ILS,11,3422876,0.456137
N-be75eec_150,ILS,11,3428381,0.617279
N-be75eec_150,ILS,11,3433702,0.690084
N-be75eec_150,ILS,11,3439626,0.797252
N-be75eec_150,ILS,11,3443542,0.947585
N-be75eec_150,ILS,11,3445841,0.992691
N-be75eec_150,ILS,11,3446723,1.120955
N-be75eec_150,ILS,11,3447219,1.251977
N-be75eec_150,ILS,11,3450379,1.290140
N-be75eec_150,ILS,11,3450398,1.578426
N-be75eec_150,ILS,11,3450899,1.687010
N-be75eec_150,ILS,11,3456132,1.752154
N-be75eec_150,ILS,11,3456864,2.536211
N-be75eec_150,ILS,11,3456870,2.640293
N-be75eec_150,ILS,11,3458094,2.969135
N-be75eec_150,ILS,11,3459246,3.135233
N-be75eec_150,ILS,11,3459421,3.524197
N-be75eec_150,ILS,11,3461487,3.581715
N-be75eec_150,ILS,11,3461629,3.741383
N-be75eec_150,ILS,11,3462396,3.925877
N-be75eec_150,ILS,11,3463484,4.069139
N-be75eec_150,ILS,11,3463648,4.150957
N-be75eec_150,ILS,11,3464314,4.363493
N-be75eec_150,ILS,11,3467619,4.864652
N-be75eec_150,ILS,11,3467619,4.864681
N-be75eec_150,ILS,12,3420800,0.239343
N-be75eec_150,ILS,12,3425018,0.406298
N-be75eec_150,ILS,12,3427680,0.631027
N-be75eec_150,ILS,12,3430448,0.831396
N-be75eec_150,ILS,12,3433384,0.875898
N-be75eec_150,ILS,12,3435408,0.919352
N-be75eec_150,ILS,12,3450499,0.967594
N-be75eec_150,ILS,12,3451580,0.998604
N-be75eec_150,ILS,12,3451725,1.167848
N-be75eec_150,ILS,12,3452140,1.212403
N-be75eec_150,ILS,12,3453249,1.369845
N-be75eec_150,ILS,12,3456054,1.425888
N-be75eec_150,ILS,12,3461712,2.399993
N-be75eec_150,ILS,12,3461714,2.636491
N-be75eec_150,ILS,12,3463518,2.678413
N-be75eec_150,ILS,12,3466235,3.111110
N-be75eec_150,ILS,12,3466235,3.111137
N-be75eec_150,ILS,13,3420800,0.235158
N-be75eec_150,ILS,13,3426116,0.293650
N-be75eec_150,ILS,13,3433697,0.419882
N-be75eec_150,ILS,13,3438397,0.595395
N-be75eec_150,ILS,13,3440368,0.649732
N-be75eec_150,ILS,13,3440996,0.733269
N-be75eec_150,ILS,13,3441380,0.820526
N-be75eec_150,ILS,13,3448769,0.956886
N-be75eec_150,ILS,13,3451491,1.004841
N-be75eec_150,ILS,13,3454631,1.191181
N-be75eec_150,ILS,13,3457134,1.284588
N-be75eec_150,ILS,13,3458243,1.365439
N-be75eec_150,ILS,13,3459037,1.633946
N-be75eec_150,ILS,13,3459071,1.827955
N-be75eec_150,ILS,13,3459613,2.178352
N-be75eec_150,ILS,13,3462179,2.615118
N-be75eec_150,ILS,13,3462648,2.660347
N-be75eec_150,ILS,13,3467471,2.817958
N-be75eec_150,ILS,13,3467471,2.817985
N-be75eec_150,ILS,14,3420800,0.233828
N-be75eec_150,ILS,14,3429353,0.476268
N-be75eec_150,ILS,14,3430471,0.542579
N-be75eec_150,ILS,14,3433412,0.620185
N-be75eec_150,ILS,14,3441535,0.690351
N-be75eec_150,ILS,14,3443114,0.751377
N-be75eec_150,ILS,14,3444276,0.937411
N-be75eec_150,ILS,14,3451935,0.990604
N-be75eec_150,ILS,14,3452783,1.277384
N-be75eec_150,ILS,14,3453664,1.337649
N-be75eec_150,ILS,14,3459385,1.422760
N-be75eec_150,ILS,14,3460755,1.524896
N-be75eec_150,ILS,14,3463139,1.955320
N-be75eec_150,ILS,14,3464683,2.122453
N-be75eec_150,ILS,14,3464702,2.246275
N-be75eec_150,ILS,14,3465629,2.687566
N-be75eec_150,ILS,14,3465629,2.687592
N-be75eec_150,ILS,15,3420800,0.235292
N-be75eec_150,ILS,15,3427995,0.305908
N-be75eec_150,ILS,15,3434138,0.331764
N-be75eec_150,ILS,15,3437632,0.516203
N-be75eec_150,ILS,15,3443950,0.740131
N-be75eec_150,ILS,15,3448557,0.967323
N-be75eec_150,ILS,15,3450762,1.120832
N-be75eec_150,ILS,15,3451181,1.250221
N-be75eec_150,ILS,15,3451455,1.300900
N-be75eec_150,ILS,15,3455194,1.389162
N-be75eec_150,ILS,15,3457921,2.170680
N-be75eec_150,ILS,15,3462221,2.349194
N-be75eec_150,ILS,15,3462852,2.439069
N-be75eec_150,ILS,15,3466807,2.582981
N-be75eec_150,ILS,15,3466807,2.583005
N-be75eec_150,ILS,16,3420800,0.233641
N-be75eec_150,ILS,16,3422445,0.305213
N-be75eec_150,ILS,16,3427332,0.402888
N-be75eec_150,ILS,16,3427614,0.470926
N-be75eec_150,ILS,16,3429064,0.626701
N-be75eec_150,ILS,16,3430124,0.672566
N-be75eec_150,ILS,16,3433431,0.716140
N-be75eec_150,ILS,16,3442673,0.772382
N-be75eec_150,ILS,16,3448740,0.811723
N-be75eec_150,ILS,16,3451847,1.008743
N-be75eec_150,ILS,16,3452587,1.393808
N-be75eec_150,ILS,16,3455976,1.493379
N-be75eec_150,ILS,16,3456534,1.549655
N-be75eec_150,ILS,16,3458776,2.120090
N-be75eec_150,ILS,16,3459552,2.157088
N-be75eec_150,ILS,16,3460345,2.561883
N-be75eec_150,ILS,16,3461394,2.994277
N-be75eec_150,ILS,16,3461714,3.566474
N-be75eec_150,ILS,16,3463085,4.278329
N-be75eec_150,ILS,16,3466412,5.468106
N-be75eec_150,ILS,16,3466412,5.468136
N-be75eec_150,ILS,17,3420800,0.235461
N-be75eec_150,ILS,17,3424078,0.294722
N-be75eec_150,ILS,17,3431533,0.502517
N-be75eec_150,ILS,17,3433250,0.662225
N-be75eec_150,ILS,17,3436128,0.720487
N-be75eec_150,ILS,17,3436633,0.942454
N-be75eec_150,ILS,17,3444055,1.008206
N-be75eec_150,ILS,17,3447966,1.149764
N-be75eec_150,ILS,17,3450363,1.278800
N-be75eec_150,ILS,17,3453318,1.422886
N-be75eec_150,ILS,17,3453709,1.491658
N-be75eec_150,ILS,17,3455358,1.591256
N-be75eec_150,ILS,17,3458323,1.655800
N-be75eec_150,ILS,17,3460619,1.705817
N-be75eec_150,ILS,17,3462165,1.736706
N-be75eec_150,ILS,17,3463039,1.825034
N-be75eec_150,ILS,17,3463803,2.023641
N-be75eec_150,ILS,17,3464830,2.734601
N-be75eec_150,ILS,17,3467797,2.858462
N-be75eec_150,ILS,17,3467797,2.858486
N-be75eec_150,ILS,18,3420800,0.236305
N-be75eec_150,ILS,18,3425147,0.322336
N-be75eec_150,ILS,18,3433065,0.425362
N-be75eec_150,ILS,18,3437340,0.472369
N-be75eec_150,ILS,18,3439932,0.554727
N-be75eec_150,ILS,18,3440973,0.775613
N-be75eec_150,ILS,18,3441317,1.002261
N-be75eec_150,ILS,18,3443718,1.098370
N-be75eec_150,ILS,18,3450129,1.181514
N-be75eec_150,ILS,18,3450759,1.223869
N-be75eec_150,ILS,18,3453768,1.272703
N-be75eec_150,ILS,18,3459202,1.477972
N-be75eec_150,ILS,18,3462381,1.704596
N-be75eec_150,ILS,18,3465358,1.827225
N-be75eec_150,ILS,18,3468782,1.957909
N-be75eec_150,ILS,18,3468782,1.957962
N-be75eec_150,ILS,19,3420800,0.241413
N-be75eec_150,ILS,19,3422300,0.300428
N-be75eec_150,ILS,19,3424558,0.350964
N-be75eec_150,ILS,19,3431567,0.391550
N-be75eec_150,ILS,19,3435336,0.490134
N-be75eec_150,ILS,19,3438126,0.548355
N-be75eec_150,ILS,19,3439688,0.679887
N-be75eec_150,ILS,19,3446339,0.737008
N-be75eec_150,ILS,19,3448893,1.909913
N-be75eec_150,ILS,19,3449257,2.543132
N-be75eec_150,ILS,19,3454181,2.657693
N-be75eec_150,ILS,19,3455625,3.026131
N-be75eec_150,ILS,19,3455933,3.442929
N-be75eec_150,ILS,19,3455934,4.407151
N-be75eec_150,ILS,19,3455941,5.085374
N-be75eec_150,ILS,19,3456339,5.249220
N-be75eec_150,ILS,19,3456786,5.489990
N-be75eec_150,ILS,19,3457473,6.392466
N-be75eec_150,ILS,19,3458759,6.470836
N-be75eec_150,ILS,19,3459521,7.880289
N-be75eec_150,ILS,19,3460346,8.276492
N-be75eec_150,ILS,19,3460633,8.619983
N-be75eec_150,ILS,19,3461552,8.992674
N-be75eec_150,ILS,19,3461992,9.024644
N-be75eec_150,ILS,19,3463395,9.079746
N-be75eec_150,ILS,19,3463505,9.450420
N-be75eec_150,ILS,19,3467769,10.026509
N-be75eec_150,ILS,19,3467769,10.026534
N-be75eec_150,ILS,20,3420800,0.233847
N-be75eec_150,ILS,20,3422862,0.275527
N-be75eec_150,ILS,20,3425810,0.342632
N-be75eec_150,ILS,20,3427501,0.408389
N-be75eec_150,ILS,20,3429395,0.488865
N-be75eec_150,ILS,20,3435821,0.615914
N-be75eec_150,ILS,20,3439664,0.714030
N-be75eec_150,ILS,20,3443303,0.813465
N-be75eec_150,ILS,20,3445451,0.949470
N-be75eec_150,ILS,20,3449016,1.018608
N-be75eec_150,ILS,20,3453576,1.127244
N-be75eec_150,ILS,20,3455588,1.339422
N-be75eec_150,ILS,20,3458324,1.375121
N-be75eec_150,ILS,20,3459699,1.479871
N-be75eec_150,ILS,20,3460082,1.826066
N-be75eec_150,ILS,20,3463813,1.890398
N-be75eec_150,ILS,20,3465481,1.913638
N-be75eec_150,ILS,20,3465481,1.913652
N-be75eec_150,ILS,21,3420800,0.233811
N-be75eec_150,ILS,21,3424773,0.282638
N-be75eec_150,ILS,21,3427909,0.321205
N-be75eec_150,ILS,21,3443570,0.430454
N-be75eec_150,ILS,21,3443743,0.643222
N-be75eec_150,ILS,21,3444372,0.713325
N-be75eec_150,ILS,21,3446560,0.738064
N-be75eec_150,ILS,21,3447264,0.782026
N-be75eec_150,ILS,21,3448119,1.009893
N-be75eec_150,ILS,21,3448259,1.196253
N-be75eec_150,ILS,21,3455870,1.254811
N-be75eec_150,ILS,21,3457381,1.564945
N-be75eec_150,ILS,21,3457505,1.602038
N-be75eec_150,ILS,21,3457981,1.634577
N-be75eec_150,ILS,21,3458466,1.785835
N-be75eec_150,ILS,21,3458482,2.298056
N-be75eec_150,ILS,21,3459470,2.370002
N-be75eec_150,ILS,21,3460494,2.607608
N-be75eec_150,ILS,21,3463271,2.712437
N-be75eec_150,ILS,21,3464283,3.199864
N-be75eec_150,ILS,21,3465618,3.356357
N-be75eec_150,ILS,21,3465618,3.356381
N-be75eec_150,ILS,22,3420800,0.234737
N-be75eec_150,ILS,22,3423082,0.356592
N-be75eec_150,ILS,22,3424414,0.408670
N-be75eec_150,ILS,22,3433278,0.533290
N-be75eec_150,ILS,22,3434177,0.584199
N-be75eec_150,ILS,22,3447827,0.638987
N-be75eec_150,ILS,22,3449249,0.678374
N-be75eec_150,ILS,22,3453176,0.880038
N-be75eec_150,ILS,22,3456630,1.400484
N-be75eec_150,ILS,22,3456823,1.514144
N-be75eec_150,ILS,22,3457305,1.642371
N-be75eec_150,ILS,22,3460617,1.840754
N-be75eec_150,ILS,22,3461336,2.796458
N-be75eec_150,ILS,22,3462006,3.204661
N-be75eec_150,ILS,22,3462450,5.324297
N-be75eec_150,ILS,22,3464006,5.498547
N-be75eec_150,ILS,22,3464846,5.836140
N-be75eec_150,ILS,22,3466545,5.889110
N-be75eec_150,ILS,22,3466545,5.889129
N-be75eec_150,ILS,23,3420800,0.236563
N-be75eec_150,ILS,23,3420831,0.302673
N-be75eec_150,ILS,23,3425968,0.382954
N-be75eec_150,ILS,23,3436902,0.477088
N-be75eec_150,ILS,23,3438220,0.517527
N-be75eec_150,ILS,23,3438564,0.658463
N-be75eec_150,ILS,23,3440217,0.723498
N-be75eec_150,ILS,23,3446402,0.897820
N-be75eec_150,ILS,23,3446546,1.027848
N-be75eec_150,ILS,23,3454545,1.074431
N-be75eec_150,ILS,23,3459387,1.272476
N-be75eec_150,ILS,23,3459551,1.411196
N-be75eec_150,ILS,23,3461534,1.630280
N-be75eec_150,ILS,23,3462477,1.670558
N-be75eec_150,ILS,23,3464155,1.723879
N-be75eec_150,ILS,23,3466579,1.879316
N-be75eec_150,ILS,23,3466579,1.879340
N-be75eec_150,ILS,24,3420800,0.237025
N-be75eec_150,ILS,24,3421425,0.316198
N-be75eec_150,ILS,24,3434268,0.403641
N-be75eec_150,ILS,24,3445684,0.481367
N-be75eec_150,ILS,24,3446217,0.525964
N-be75eec_150,ILS,24,3447502,0.643223
N-be75eec_150,ILS,24,3451266,0.777907
N-be75eec_150,ILS,24,3452179,0.813002
N-be75eec_150,ILS,24,3457851,0.979663
N-be75eec_150,ILS,24,3458085,1.174254
N-be75eec_150,ILS,24,3458543,1.203652
N-be75eec_150,ILS,24,3459283,1.253159
N-be75eec_150,ILS,24,3459971,1.559078
N-be75eec_150,ILS,24,3462069,2.518336
N-be75eec_150,ILS,24,3462151,2.950695
N-be75eec_150,ILS,24,3462321,3.807182
N-be75eec_150,ILS,24,3464262,3.920769
N-be75eec_150,ILS,24,3464945,5.539484
N-be75eec_150,ILS,24,3465003,6.048756
N-be75eec_150,ILS,24,3465733,7.590713
N-be75eec_150,ILS,24,3465733,7.590741
N-be75eec_150,ILS,25,3420800,0.236993
N-be75eec_150,ILS,25,3421150,0.318416
N-be75eec_150,ILS,25,3436318,0.429808
N-be75eec_150,ILS,25,3436933,0.500597
N-be75eec_150,ILS,25,3437633,0.568320
N-be75eec_150,ILS,25,3439957,0.632215
N-be75eec_150,ILS,25,3440854,0.742064
N-be75eec_150,ILS,25,3450559,0.928746
N-be75eec_150,ILS,25,3450837,0.983637
N-be75eec_150,ILS,25,3452986,1.041715
N-be75eec_150,ILS,25,3457432,1.171823
N-be75eec_150,ILS,25,3458920,1.548540
N-be75eec_150,ILS,25,3459581,1.912750
N-be75eec_150,ILS,25,3459585,2.125464
N-be75eec_150,ILS,25,3460009,2.380318
N-be75eec_150,ILS,25,3460381,3.077464
N-be75eec_150,ILS,25,3460384,3.281958
N-be75eec_150,ILS,25,3460608,3.734086
N-be75eec_150,ILS,25,3460698,3.968146
N-be75eec_150,ILS,25,3463232,4.480890
N-be75eec_150,ILS,25,3465122,4.723486
N-be75eec_150,ILS,25,3465168,5.367346
N-be75eec_150,ILS,25,3466053,6.155883
N-be75eec_150,ILS,25,3466053,6.155909
N-be75eec_150,MA,1,3431919,5.571032
N-be75eec_150,MA,1,3442417,7.571930
N-be75eec_150,MA,1,3448226,9.521250
N-be75eec_150,MA,1,3452587,11.251354
N-be75eec_150,MA,1,3459530,12.802572
N-be75eec_150,MA,1,3459681,14.138487
N-be75eec_150,MA,1,3464405,15.373874
N-be75eec_150,MA,1,3465577,15.536447
N-be75eec_150,MA,1,3465577,15.536470
N-be75eec_150,MA,2,3429144,5.658122
N-be75eec_150,MA,2,3452748,7.716315
N-be75eec_150,MA,2,3457275,11.165382
N-be75eec_150,MA,2,3462699,12.609211
N-be75eec_150,MA,2,3470177,12.872691
N-be75eec_150,MA,2,3470177,12.872715
N-be75eec_150,MA,3,3446707,5.573048
N-be75eec_150,MA,3,3451831,7.533126
N-be75eec_150,MA,3,3455950,9.413571
N-be75eec_150,MA,3,3457254,12.345778
N-be75eec_150,MA,3,3460660,13.776837
N-be75eec_150,MA,3,3461402,16.142838
N-be75eec_150,MA,3,3464660,18.353173
N-be75eec_150,MA,3,3465555,18.384022
N-be75eec_150,MA,3,3465555,18.384053
N-be75eec_150,MA,4,3437708,5.561390
N-be75eec_150,MA,4,3443793,7.546993
N-be75eec_150,MA,4,3450673,9.495236
N-be75eec_150,MA,4,3462687,11.229609
N-be75eec_150,MA,4,3467095,14.402128
N-be75eec_150,MA,4,3467095,14.402153
N-be75eec_150,MA,5,3433161,5.627701
N-be75eec_150,MA,5,3449975,7.712901
N-be75eec_150,MA,5,3456429,11.144180
N-be75eec_150,MA,5,3457440,12.672101
N-be75eec_150,MA,5,3461623,14.069302
N-be75eec_150,MA,5,3462492,16.169190
N-be75eec_150,MA,5,3462756,17.191722
N-be75eec_150,MA,5,3463577,17.949259
N-be75eec_150,MA,5,3464145,18.837617
N-be75eec_150,MA,5,3465907,19.621938
N-be75eec_150,MA,5,3465907,19.621966
N-be75eec_150,MA,6,3451463,5.674709
N-be75eec_150,MA,6,3453067,7.713942
N-be75eec_150,MA,6,3468469,13.600504
N-be75eec_150,MA,6,3468469,13.600535
N-be75eec_150,MA,7,3437362,5.680977
N-be75eec_150,MA,7,3451879,7.691420
N-be75eec_150,MA,7,3461059,12.456100
N-be75eec_150,MA,7,3465316,17.084056
N-be75eec_150,MA,7,3466472,21.656901
N-be75eec_150,MA,7,3466472,21.656925
N-be75eec_150,MA,8,3440456,5.692693
N-be75eec_150,MA,8,3440809,7.855672
N-be75eec_150,MA,8,3457551,9.588630
N-be75eec_150,MA,8,3464299,12.808151
N-be75eec_150,MA,8,3464885,14.320013
N-be75eec_150,MA,8,3465436,14.966326
N-be75eec_150,MA,8,3465436,14.966353
N-be75eec_150,MA,9,3439962,5.687365
N-be75eec_150,MA,9,3440922,7.711740
N-be75eec_150,MA,9,3451235,9.459286
N-be75eec_150,MA,9,3457287,11.088205
N-be75eec_150,MA,9,3468101,12.719907
N-be75eec_150,MA,9,3468101,12.719935
N-be75eec_150,MA,10,3439352,5.730106
N-be75eec_150,MA,10,3441460,7.834483
N-be75eec_150,MA,10,3442192,9.683607
N-be75eec_150,MA,10,3452506,11.550631
N-be75eec_150,MA,10,3461967,13.098431
N-be75eec_150,MA,10,3463821,14.667987
N-be75eec_150,MA,10,3468059,16.264909
N-be75eec_150,MA,10,3468059,16.264934
N-be75eec_150,MA,11,3433565,5.757995
N-be75eec_150,MA,11,3441463,7.947272
N-be75eec_150,MA,11,3446156,9.865856
N-be75eec_150,MA,11,3453321,11.660661
N-be75eec_150,MA,11,3463783,13.299833
N-be75eec_150,MA,11,3464471,15.673124
N-be75eec_150,MA,11,3467728,16.109702
N-be75eec_150,MA,11,3467728,16.109725
N-be75eec_150,MA,12,3439739,5.635863
N-be75eec_150,MA,12,3442826,7.783166
N-be75eec_150,MA,12,3450373,9.544538
N-be75eec_150,MA,12,3460626,11.377551
N-be75eec_150,MA,12,3464825,12.954127
N-be75eec_150,MA,12,3464909,15.491797
N-be75eec_150,MA,12,3465877,16.073018
N-be75eec_150,MA,12,3465877,16.073044
N-be75eec_150,MA,13,3452353,5.736013
N-be75eec_150,MA,13,3455436,10.831334
N-be75eec_150,MA,13,3460931,12.464289
N-be75eec_150,MA,13,3463237,14.036200
N-be75eec_150,MA,13,3466385,15.274941
N-be75eec_150,MA,13,3466385,15.274963
N-be75eec_150,MA,14,3443904,5.670336
N-be75eec_150,MA,14,3453704,7.622191
N-be75eec_150,MA,14,3462753,9.535155
N-be75eec_150,MA,14,3463012,12.805543
N-be75eec_150,MA,14,3466846,16.118390
N-be75eec_150,MA,14,3466846,16.118418
N-be75eec_150,MA,15,3435455,5.668688
N-be75eec_150,MA,15,3443378,7.843922
N-be75eec_150,MA,15,3460846,9.594845
N-be75eec_150,MA,15,3460886,12.639422
N-be75eec_150,MA,15,3464585,16.454682
N-be75eec_150,MA,15,3465753,17.407247
N-be75eec_150,MA,15,3465753,17.407272
N-be75eec_150,MA,16,3438602,5.755947
N-be75eec_150,MA,16,3441931,7.956640
N-be75eec_150,MA,16,3450178,9.858131
N-be75eec_150,MA,16,3462808,11.496571
N-be75eec_150,MA,16,3466579,12.920323
N-be75eec_150,MA,16,3466579,12.920350
N-be75eec_150,MA,17,3446124,5.705877
N-be75eec_150,MA,17,3454994,7.956419
N-be75eec_150,MA,17,3456420,13.090676
N-be75eec_150,MA,17,3457655,14.286990
N-be75eec_150,MA,17,3458843,15.462723
N-be75eec_150,MA,17,3460669,16.300719
N-be75eec_150,MA,17,3462653,17.043846
N-be75eec_150,MA,17,3465655,18.613605
N-be75eec_150,MA,17,3465655,18.613629
N-be75eec_150,MA,18,3435778,5.735066
N-be75eec_150,MA,18,3444054,8.081079
N-be75eec_150,MA,18,3451406,9.804847
N-be75eec_150,MA,18,3451814,11.462786
N-be75eec_150,MA,18,3458696,12.990437
N-be75eec_150,MA,18,3463438,18.031155
N-be75eec_150,MA,18,3465089,19.272631
N-be75eec_150,MA,18,3465470,19.561512
N-be75eec_150,MA,18,3465470,19.561537
N-be75eec_150,MA,19,3441802,5.561325
N-be75eec_150,MA,19,3449133,7.656501
N-be75eec_150,MA,19,3457327,9.363805
N-be75eec_150,MA,19,3462313,11.089094
N-be75eec_150,MA,19,3462687,12.416140
N-be75eec_150,MA,19,3468272,13.132520
N-be75eec_150,MA,19,3468272,13.132546
N-be75eec_150,MA,20,3451391,5.629568
N-be75eec_150,MA,20,3457166,9.685140
N-be75eec_150,MA,20,3459397,12.795158
N-be75eec_150,MA,20,3462049,15.392961
N-be75eec_150,MA,20,3462943,16.632138
N-be75eec_150,MA,20,3463900,17.553130
N-be75eec_150,MA,20,3467507,17.684190
N-be75eec_150,MA,20,3467507,17.684212
N-be75eec_150,MA,21,3438951,5.630234
N-be75eec_150,MA,21,3449724,7.799401
N-be75eec_150,MA,21,3454352,9.578680
N-be75eec_150,MA,21,3463208,11.306275
N-be75eec_150,MA,21,3465291,12.869121
N-be75eec_150,MA,21,3466806,15.422008
N-be75eec_150,MA,21,3466806,15.422050
N-be75eec_150,MA,22,3437398,5.653944
N-be75eec_150,MA,22,3443445,7.639617
N-be75eec_150,MA,22,3444569,10.950005
N-be75eec_150,MA,22,3447932,12.491760
N-be75eec_150,MA,22,3459331,13.865485
N-be75eec_150,MA,22,3459553,15.179986
N-be75eec_150,MA,22,3462042,17.803574
N-be75eec_150,MA,22,3462543,19.030051
N-be75eec_150,MA,22,3462867,19.848404
N-be75eec_150,MA,22,3466975,20.471224
N-be75eec_150,MA,22,3466975,20.471254
N-be75eec_150,MA,23,3446752,5.787756
N-be75eec_150,MA,23,3450468,9.858442
N-be75eec_150,MA,23,3456524,11.621421
N-be75eec_150,MA,23,3459930,13.280645
N-be75eec_150,MA,23,3463751,17.137817
N-be75eec_150,MA,23,3464306,18.283071
N-be75eec_150,MA,23,3466086,19.588289
N-be75eec_150,MA,23,3466086,19.588320
N-be75eec_150,MA,24,3436137,5.693236
N-be75eec_150,MA,24,3448255,7.806482
N-be75eec_150,MA,24,3459983,11.270501
N-be75eec_150,MA,24,3465196,14.256898
N-be75eec_150,MA,24,3465893,16.501637
N-be75eec_150,MA,24,3465893,16.501665
N-be75eec_150,MA,25,3436603,5.644243
N-be75eec_150,MA,25,3451556,7.718769
N-be75eec_150,MA,25,3454613,9.572138
N-be75eec_150,MA,25,3460350,11.055787
N-be75eec_150,MA,25,3463296,13.595645
N-be75eec_150,MA,25,3465083,15.612731
N-be75eec_150,MA,25,3466764,16.131601
N-be75eec_150,MA,25,3466764,16.131629
N-be75np_150,ILS,1,7063816,0.250539
N-be75np_150,ILS,1,7084004,0.305596
N-be75np_150,ILS,1,7111572,0.607048
N-be75np_150,ILS,1,7115972,0.749142
N-be75np_150,ILS,1,7126573,1.247293
N-be75np_150,ILS,1,7127217,1.397764
N-be75np_150,ILS,1,7131187,1.670951
N-be75np_150,ILS,1,7137647,2.264219
N-be75np_150,ILS,1,7140104,2.826666
N-be75np_150,ILS,1,7140104,2.826693
N-be75np_150,ILS,2,7063816,0.250424
N-be75np_150,ILS,2,7071158,0.399758
N-be75np_150,ILS,2,7085375,0.464538
N-be75np_150,ILS,2,7087216,0.506654
N-be75np_150,ILS,2,7088096,0.549771
N-be75np_150,ILS,2,7101724,0.903689
N-be75np_150,ILS,2,7104643,1.046568
N-be75np_150,ILS,2,7111503,1.228193
N-be75np_150,ILS,2,7112476,1.444096
N-be75np_150,ILS,2,7113789,1.484706
N-be75np_150,ILS,2,7122339,1.696205
N-be75np_150,ILS,2,7128032,3.035789
N-be75np_150,ILS,2,7133188,3.082303
N-be75np_150,ILS,2,7133469,3.256295
N-be75np_150,ILS,2,7134542,3.583729
N-be75np_150,ILS,2,7136730,3.771315
N-be75np_150,ILS,2,7136828,4.905362
N-be75np_150,ILS,2,7137328,6.320467
N-be75np_150,ILS,2,7137718,6.525200
N-be75np_150,ILS,2,7140825,6.954099
N-be75np_150,ILS,2,7140825,6.954126
N-be75np_150,ILS,3,7063816,0.249529
N-be75np_150,ILS,3,7080437,0.314475
N-be75np_150,ILS,3,7088259,0.395527
N-be75np_150,ILS,3,7090530,0.474975
N-be75np_150,ILS,3,7097939,0.633851
N-be75np_150,ILS,3,7100504,0.704220
N-be75np_150,ILS,3,7103556,0.905747
N-be75np_150,ILS,3,7110307,1.094214
N-be75np_150,ILS,3,7114462,1.212117
N-be75np_150,ILS,3,7114916,1.318281
N-be75np_150,ILS,3,7122554,1.410096
N-be75np_150,ILS,3,7126658,1.782077
N-be75np_150,ILS,3,7130609,1.929720
N-be75np_150,ILS,3,7130942,2.011049
N-be75np_150,ILS,3,7134217,2.301612
N-be75np_150,ILS,3,7134695,2.419874
N-be75np_150,ILS,3,7135810,3.227184
N-be75np_150,ILS,3,7137638,3.273752
N-be75np_150,ILS,3,7138348,5.236157
N-be75np_150,ILS,3,7139477,5.605248
N-be75np_150,ILS,3,7139477,5.605272
N-be75np_150,ILS,4,7063816,0.249508
N-be75np_150,ILS,4,7077129,0.324762
N-be75np_150,ILS,4,7089208,0.382707
N-be75np_150,ILS,4,7093261,0.464551
N-be75np_150,ILS,4,7097289,0.719464
N-be75np_150,ILS,4,7115600,0.793615
N-be75np_150,ILS,4,7119225,1.025757
N-be75np_150,ILS,4,7121849,1.104056
N-be75np_150,ILS,4,7123565,1.165761
N-be75np_150,ILS,4,7125865,2.470563
N-be75np_150,ILS,4,7129996,2.755656
N-be75np_150,ILS,4,7131033,3.006859
N-be75np_150,ILS,4,7136225,3.354187
N-be75np_150,ILS,4,7139620,4.303061
N-be75np_150,ILS,4,7139620,4.303089
N-be75np_150,ILS,5,7063816,0.251413
N-be75np_150,ILS,5,7070247,0.417454
N-be75np_150,ILS,5,7091699,0.504611
N-be75np_150,ILS,5,7101327,0.581626
N-be75np_150,ILS,5,7106150,0.644471
N-be75np_150,ILS,5,7109611,0.960062
N-be75np_150,ILS,5,7113094,1.147596
N-be75np_150,ILS,5,7116381,1.196659
N-be75np_150,ILS,5,7116800,1.287661
N-be75np_150,ILS,5,7122729,1.387551
N-be75np_150,ILS,5,7129330,2.740964
N-be75np_150,ILS,5,7135330,4.240913
N-be75np_150,ILS,5,7146275,4.736623
N-be75np_150,ILS,5,7146275,4.736650
N-be75np_150,ILS,6,7063816,0.250358
N-be75np_150,ILS,6,7070528,0.302983
N-be75np_150,ILS,6,7090234,0.339251
N-be75np_150,ILS,6,7099485,0.382392
N-be75np_150,ILS,6,7106862,0.685679
N-be75np_150,ILS,6,7126044,0.728889
N-be75np_150,ILS,6,7132359,0.796865
N-be75np_150,ILS,6,7137747,0.944256
N-be75np_150,ILS,6,7142835,0.989332
N-be75np_150,ILS,6,7142835,0.989353
N-be75np_150,ILS,7,7063816,0.251509
N-be75np_150,ILS,7,7073302,0.549815
N-be75np_150,ILS,7,7073710,0.689084
N-be75np_150,ILS,7,7089517,1.101991
N-be75np_150,ILS,7,7096072,1.167385
N-be75np_150,ILS,7,7103288,1.298911
N-be75np_150,ILS,7,7109508,2.106509
N-be75np_150,ILS,7,7109916,2.316569
N-be75np_150,ILS,7,7116942,2.667866
N-be75np_150,ILS,7,7121094,2.964202
N-be75np_150,ILS,7,7123593,3.442660
N-be75np_150,ILS,7,7123730,4.385436
N-be75np_150,ILS,7,7124372,4.987616
N-be75np_150,ILS,7,7124732,5.232199
N-be75np_150,ILS,7,7125567,5.453024
N-be75np_150,ILS,7,7126173,5.580766
N-be75np_150,ILS,7,7126697,5.739130
N-be75np_150,ILS,7,7132178,6.375550
N-be75np_150,ILS,7,7133986,6.765132
N-be75np_150,ILS,7,7134487,7.430415
N-be75np_150,ILS,7,7137278,8.936079
N-be75np_150,ILS,7,7139187,10.250378
N-be75np_150,ILS,7,7139187,10.250403
N-be75np_150,ILS,8,7063816,0.250071
N-be75np_150,ILS,8,7084143,0.314305
N-be75np_150,ILS,8,7098312,0.478615
N-be75np_150,ILS,8,7102459,0.561629
N-be75np_150,ILS,8,7104772,0.665805
N-be75np_150,ILS,8,7111122,0.761546
N-be75np_150,ILS,8,7113547,1.145231
N-be75np_150,ILS,8,7117033,1.482769
N-be75np_150,ILS,8,7117200,1.818476
N-be75np_150,ILS,8,7118214,2.777213
N-be75np_150,ILS,8,7119749,3.055614
N-be75np_150,ILS,8,7122552,3.200617
N-be75np_150,ILS,8,7125950,5.111425
N-be75np_150,ILS,8,7128040,5.406210
N-be75np_150,ILS,8,7129263,6.087555
N-be75np_150,ILS,8,7129671,6.777123
N-be75np_150,ILS,8,7129888,6.839559
N-be75np_150,ILS,8,7130469,8.247928
N-be75np_150,ILS,8,7130801,9.019230
N-be75np_150,ILS,8,7130832,9.273111
N-be75np_150,ILS,8,7133551,11.030752
N-be75np_150,ILS,8,7134101,11.142383
N-be75np_150,ILS,8,7134236,11.662923
N-be75np_150,ILS,8,7134642,11.801632
N-be75np_150,ILS,8,7134818,12.677733
N-be75np_150,ILS,8,7135605,13.314983
N-be75np_150,ILS,8,7136704,14.130834
N-be75np_150,ILS,8,7138424,14.795997
N-be75np_150,ILS,8,7139284,15.831374
N-be75np_150,ILS,8,7139284,15.831397
N-be75np_150,ILS,9,7063816,0.251608
N-be75np_150,ILS,9,7074817,0.316998
N-be75np_150,ILS,9,7082687,0.688596
N-be75np_150,ILS,9,7083903,0.790969
N-be75np_150,ILS,9,7090100,0.858834
N-be75np_150,ILS,9,7098828,1.020997
N-be75np_150,ILS,9,7104789,1.357864
N-be75np_150,ILS,9,7106489,1.876968
N-be75np_150,ILS,9,7107951,1.992504
N-be75np_150,ILS,9,7111192,2.226139
N-be75np_150,ILS,9,7111990,2.377771
N-be75np_150,ILS,9,7115011,2.464216
N-be75np_150,ILS,9,7116610,2.850686
N-be75np_150,ILS,9,7117419,3.473317
N-be75np_150,ILS,9,7121422,3.969219
N-be75np_150,ILS,9,7121626,9.096268
N-be75np_150,ILS,9,7122283,10.356888
N-be75np_150,ILS,9,7125915,10.619255
N-be75np_150,ILS,9,7126951,11.148972
N-be75np_150,ILS,9,7126995,11.632361
N-be75np_150,ILS,9,7127355,12.077667
N-be75np_150,ILS,9,7127882,13.656187
N-be75np_150,ILS,9,7128741,14.147560
N-be75np_150,ILS,9,7131017,14.214393
N-be75np_150,ILS,9,7135788,14.341221
N-be75np_150,ILS,9,7138078,14.677262
N-be75np_150,ILS,9,7139988,18.052168
N-be75np_150,ILS,9,7139988,18.052193
N-be75np_150,ILS,10,7063816,0.251496
N-be75np_150,ILS,10,7067545,0.388826
N-be75np_150,ILS,10,7079514,0.458023
N-be75np_150,ILS,10,7093419,0.500147
N-be75np_150,ILS,10,7093619,0.800587
N-be75np_150,ILS,10,7095234,1.076632
N-be75np_150,ILS,10,7097504,1.143294
N-be75np_150,ILS,10,7098337,1.259237
N-be75np_150,ILS,10,7105709,1.381384
N-be75np_150,ILS,10,7116683,1.876891
N-be75np_150,ILS,10,7117785,2.004043
N-be75np_150,ILS,10,7122524,2.182331
N-be75np_150,ILS,10,7130400,2.409929
N-be75np_150,ILS,10,7131434,2.821399
N-be75np_150,ILS,10,7136112,3.921049
N-be75np_150,ILS,10,7141711,5.503154
N-be75np_150,ILS,10,7141711,5.503178
N-be75np_150,ILS,11,7063816,0.248904
N-be75np_150,ILS,11,7063959,0.482831
N-be75np_150,ILS,11,7065704,0.547326
N-be75np_150,ILS,11,7069953,0.986226
N-be75np_150,ILS,11,7070793,1.036316
N-be75np_150,ILS,11,7083432,1.124301
N-be75np_150,ILS,11,7095769,1.180947
N-be75np_150,ILS,11,7098871,2.226928
N-be75np_150,ILS,11,7105282,2.288339
N-be75np_150,ILS,11,7116420,2.834202
N-be75np_150,ILS,11,7116979,3.898397
N-be75np_150,ILS,11,7118725,4.549032
N-be75np_150,ILS,11,7123484,5.312961
N-be75np_150,ILS,11,7123709,6.645695
N-be75np_150,ILS,11,7124064,7.301448
N-be75np_150,ILS,11,7124625,8.478379
N-be75np_150,ILS,11,7127579,9.922351
N-be75np_150,ILS,11,7127907,11.668802
N-be75np_150,ILS,11,7132750,13.063639
N-be75np_150,ILS,11,7134516,13.564814
N-be75np_150,ILS,11,7135271,14.038612
N-be75np_150,ILS,11,7135906,15.838086
N-be75np_150,ILS,11,7136111,16.504819
N-be75np_150,ILS,11,7136421,17.783831
N-be75np_150,ILS,11,7137023,18.499664
N-be75np_150,ILS,11,7138166,19.200386
N-be75np_150,ILS,11,7138822,26.951023
N-be75np_150,ILS,11,7138822,26.951048
N-be75np_150,ILS,12,7063816,0.248812
N-be75np_150,ILS,12,7069753,0.452262
N-be75np_150,ILS,12,7077565,0.503710
N-be75np_150,ILS,12,7088522,0.665387
N-be75np_150,ILS,12,7089646,0.728556
N-be75np_150,ILS,12,7093883,1.167752
N-be75np_150,ILS,12,7098881,1.217013
N-be75np_150,ILS,12,7108318,1.657878
N-be75np_150,ILS,12,7110774,1.946128
N-be75np_150,ILS,12,7111715,4.716421
N-be75np_150,ILS,12,7113233,5.905284
N-be75np_150,ILS,12,7114706,6.319395
N-be75np_150,ILS,12,7115441,6.874729
N-be75np_150,ILS,12,7115724,9.045996
N-be75np_150,ILS,12,7115735,11.935297
N-be75np_150,ILS,12,7115752,13.537736
N-be75np_150,ILS,12,7117470,20.420406
N-be75np_150,ILS,12,7117801,50.560021
N-be75np_150,ILS,12,7118771,52.631852
N-be75np_150,ILS,12,7120094,53.375501
N-be75np_150,ILS,12,7121466,55.659062
N-be75np_150,ILS,12,7123142,60.655699
N-be75np_150,ILS,12,7123191,62.035454
N-be75np_150,ILS,12,7123724,63.740785
N-be75np_150,ILS,12,7123954,65.642253
N-be75np_150,ILS,12,7125444,65.690621
N-be75np_150,ILS,12,7125574,71.678784
N-be75np_150,ILS,12,7125586,74.707286
N-be75np_150,ILS,12,7125877,76.825094
N-be75np_150,ILS,12,7125881,78.125023
N-be75np_150,ILS,12,7126302,81.108881
N-be75np_150,ILS,12,7126377,84.134551
N-be75np_150,ILS,12,7126508,96.322587
N-be75np_150,ILS,12,7126515,100.706799
N-be75np_150,ILS,12,7126638,100.805677
N-be75np_150,ILS,12,7126702,101.838197
N-be75np_150,ILS,12,7127659,102.020169
N-be75np_150,ILS,12,7127923,103.227233
N-be75np_150,ILS,12,7128664,104.506484
N-be75np_150,ILS,12,7129534,108.786708
N-be75np_150,ILS,12,7131043,109.883587
N-be75np_150,ILS,12,7133907,110.027964
N-be75np_150,ILS,12,7142705,110.506792
N-be75np_150,ILS,12,7142705,110.506820
N-be75np_150,ILS,13,7063816,0.251564
N-be75np_150,ILS,13,7069277,0.703406
N-be75np_150,ILS,13,7072600,0.757661
N-be75np_150,ILS,13,7094812,0.907088
N-be75np_150,ILS,13,7112727,1.030489
N-be75np_150,ILS,13,7117880,3.340172
N-be75np_150,ILS,13,7118537,4.865386
N-be75np_150,ILS,13,7124754,5.309252
N-be75np_150,ILS,13,7126933,5.395445
N-be75np_150,ILS,13,7131903,5.791951
N-be75np_150,ILS,13,7133560,6.516557
N-be75np_150,ILS,13,7133872,6.844825
N-be75np_150,ILS,13,7135085,7.617599
N-be75np_150,ILS,13,7139307,7.804936
N-be75np_150,ILS,13,7139307,7.804961
N-be75np_150,ILS,14,7063816,0.249649
N-be75np_150,ILS,14,7078976,0.350173
N-be75np_150,ILS,14,7092651,0.520504
N-be75np_150,ILS,14,7105505,0.588713
N-be75np_150,ILS,14,7114705,0.686848
N-be75np_150,ILS,14,7115584,1.039954
N-be75np_150,ILS,14,7118187,1.573178
N-be75np_150,ILS,14,7126229,1.802984
N-be75np_150,ILS,14,7126515,4.498087
N-be75np_150,ILS,14,7126941,4.638436
N-be75np_150,ILS,14,7128616,5.561292
N-be75np_150,ILS,14,7129318,6.698094
N-be75np_150,ILS,14,7130412,7.812229
N-be75np_150,ILS,14,7131506,9.596033
N-be75np_150,ILS,14,7133015,9.862019
N-be75np_150,ILS,14,7133591,12.043615
N-be75np_150,ILS,14,7140689,12.822510
N-be75np_150,ILS,14,7140689,12.822536
N-be75np_150,ILS,15,7063816,0.250239
N-be75np_150,ILS,15,7069174,0.382306
N-be75np_150,ILS,15,7075953,0.504695
N-be75np_150,ILS,15,7079710,0.668311
N-be75np_150,ILS,15,7096535,0.718484
N-be75np_150,ILS,15,7104748,0.847630
N-be75np_150,ILS,15,7107564,0.950196
N-be75np_150,ILS,15,7113895,0.995308
N-be75np_150,ILS,15,7122099,1.566305
N-be75np_150,ILS,15,7122333,2.009021
N-be75np_150,ILS,15,7131850,2.255814
N-be75np_150,ILS,15,7133027,4.064378
N-be75np_150,ILS,15,7133483,4.756743
N-be75np_150,ILS,15,7134568,5.940089
N-be75np_150,ILS,15,7137950,7.521595
N-be75np_150,ILS,15,7139926,13.146261
N-be75np_150,ILS,15,7139926,13.146289
N-be75np_150,ILS,16,7063816,0.251007
N-be75np_150,ILS,16,7072886,0.344895
N-be75np_150,ILS,16,7082873,0.376083
N-be75np_150,ILS,16,7085155,0.572756
N-be75np_150,ILS,16,7111009,0.695899
N-be75np_150,ILS,16,7111129,0.794694
N-be75np_150,ILS,16,7112564,1.057185
N-be75np_150,ILS,16,7120724,1.292545
N-be75np_150,ILS,16,7120750,1.910825
N-be75np_150,ILS,16,7123557,2.264621
N-be75np_150,ILS,16,7124050,2.430121
N-be75np_150,ILS,16,7140273,4.257079
N-be75np_150,ILS,16,7140273,4.257100
N-be75np_150,ILS,17,7063816,0.249813
N-be75np_150,ILS,17,7100738,0.329116
N-be75np_150,ILS,17,7103249,0.397872
N-be75np_150,ILS,17,7103274,1.485837
N-be75np_150,ILS,17,7110761,2.218880
N-be75np_150,ILS,17,7115752,2.498304
N-be75np_150,ILS,17,7115928,2.551854
N-be75np_150,ILS,17,7117786,2.889916
N-be75np_150,ILS,17,7120446,3.667289
N-be75np_150,ILS,17,7122311,8.598908
N-be75np_150,ILS,17,7125337,8.684113
N-be75np_150,ILS,17,7125890,8.868624
N-be75np_150,ILS,17,7126407,8.910616
N-be75np_150,ILS,17,7126600,17.179134
N-be75np_150,ILS,17,7126666,18.454023
N-be75np_150,ILS,17,7126777,23.345092
N-be75np_150,ILS,17,7127510,24.477428
N-be75np_150,ILS,17,7127606,26.206099
N-be75np_150,ILS,17,7128969,28.293278
N-be75np_150,ILS,17,7129258,29.896085
N-be75np_150,ILS,17,7129505,31.937811
N-be75np_150,ILS,17,7129579,34.396606
N-be75np_150,ILS,17,7129599,34.984932
N-be75np_150,ILS,17,7129601,38.687075
N-be75np_150,ILS,17,7130087,38.779210
N-be75np_150,ILS,17,7130532,42.519711
N-be75np_150,ILS,17,7131111,55.685874
N-be75np_150,ILS,17,7131664,65.131209
N-be75np_150,ILS,17,7131860,65.854287
N-be75np_150,ILS,17,7132444,69.893031
N-be75np_150,ILS,17,7132568,73.264366
N-be75np_150,ILS,17,7132624,95.449566
N-be75np_150,ILS,17,7132764,97.935524
N-be75np_150,ILS,17,7132836,111.504029
N-be75np_150,ILS,17,7132948,115.766004
N-be75np_150,ILS,17,7133451,125.231805
N-be75np_150,ILS,17,7133761,174.135013
N-be75np_150,ILS,17,7134477,174.770460
N-be75np_150,ILS,17,7135392,175.914901
N-be75np_150,ILS,17,7135728,209.430712
N-be75np_150,ILS,17,7136093,212.554690
N-be75np_150,ILS,17,7136233,235.984650
N-be75np_150,ILS,17,7137900,244.842490
N-be75np_150,ILS,17,7140974,245.282477
N-be75np_150,ILS,17,7140974,245.282502
N-be75np_150,ILS,18,7063816,0.250784
N-be75np_150,ILS,18,7078754,0.291976
N-be75np_150,ILS,18,7104121,0.353101
N-be75np_150,ILS,18,7107298,0.789669
N-be75np_150,ILS,18,7110561,0.900931
N-be75np_150,ILS,18,7117708,0.947809
N-be75np_150,ILS,18,7118098,2.692943
N-be75np_150,ILS,18,7118319,3.072131
N-be75np_150,ILS,18,7118818,3.111942
N-be75np_150,ILS,18,7119924,3.323792
N-be75np_150,ILS,18,7120334,3.456836
N-be75np_150,ILS,18,7120367,4.444588
N-be75np_150,ILS,18,7121586,4.497031
N-be75np_150,ILS,18,7122624,5.276047
N-be75np_150,ILS,18,7125749,6.022913
N-be75np_150,ILS,18,7125980,6.392058
N-be75np_150,ILS,18,7126983,6.700835
N-be75np_150,ILS,18,7130611,7.154518
N-be75np_150,ILS,18,7131789,8.175311
N-be75np_150,ILS,18,7132686,8.342009
N-be75np_150,ILS,18,7136476,8.401414
N-be75np_150,ILS,18,7136487,8.630554
N-be75np_150,ILS,18,7141689,9.365666
N-be75np_150,ILS,18,7141689,9.365692
N-be75np_150,ILS,19,7063816,0.250083
N-be75np_150,ILS,19,7084674,0.381581
N-be75np_150,ILS,19,7095843,0.575698
N-be75np_150,ILS,19,7097099,0.662256
N-be75np_150,ILS,19,7100783,0.777747
N-be75np_150,ILS,19,7109796,0.882849
N-be75np_150,ILS,19,7109862,0.911971
N-be75np_150,ILS,19,7117329,1.006789
N-be75np_150,ILS,19,7119449,1.372960
N-be75np_150,ILS,19,7121424,1.425055
N-be75np_150,ILS,19,7121579,1.846037
N-be75np_150,ILS,19,7124265,1.915562
N-be75np_150,ILS,19,7125643,2.282177
N-be75np_150,ILS,19,7126031,2.953186
N-be75np_150,ILS,19,7129284,3.454654
N-be75np_150,ILS,19,7131214,4.343111
N-be75np_150,ILS,19,7134937,5.023284
N-be75np_150,ILS,19,7137906,6.103590
N-be75np_150,ILS,19,7140258,6.145563
N-be75np_150,ILS,19,7140258,6.145584
N-be75np_150,ILS,20,7063816,0.249343
N-be75np_150,ILS,20,7072133,0.372895
N-be75np_150,ILS,20,7075902,0.538028
N-be75np_150,ILS,20,7081844,0.719070
N-be75np_150,ILS,20,7092239,0.937145
N-be75np_150,ILS,20,7105138,0.981064
N-be75np_150,ILS,20,7113880,1.045247
N-be75np_150,ILS,20,7116305,1.107695
N-be75np_150,ILS,20,7125780,1.920800
N-be75np_150,ILS,20,7129909,1.963380
N-be75np_150,ILS,20,7131558,2.222421
N-be75np_150,ILS,20,7133183,2.485027
N-be75np_150,ILS,20,7134068,3.961145
N-be75np_150,ILS,20,7135206,4.804516
N-be75np_150,ILS,20,7135704,4.888967
N-be75np_150,ILS,20,7136251,11.137710
N-be75np_150,ILS,20,7137309,13.180422
N-be75np_150,ILS,20,7141757,14.542163
N-be75np_150,ILS,20,7141757,14.542188
N-be75np_150,ILS,21,7063816,0.249997
N-be75np_150,ILS,21,7082807,0.371301
N-be75np_150,ILS,21,7084610,0.427162
N-be75np_150,ILS,21,7109304,0.781021
N-be75np_150,ILS,21,7115308,0.909650
N-be75np_150,ILS,21,7116607,1.846315
N-be75np_150,ILS,21,7134700,1.945364
N-be75np_150,ILS,21,7136840,2.989846
N-be75np_150,ILS,21,7138257,3.609310
N-be75np_150,ILS,21,7138490,6.091742
N-be75np_150,ILS,21,7138490,6.091776
N-be75np_150,ILS,22,7063816,0.251378
N-be75np_150,ILS,22,7075267,0.301210
N-be75np_150,ILS,22,7096183,0.360231
N-be75np_150,ILS,22,7105623,0.482875
N-be75np_150,ILS,22,7110668,0.520357
N-be75np_150,ILS,22,7121155,1.984666
N-be75np_150,ILS,22,7122704,2.345083
N-be75np_150,ILS,22,7128283,2.586600
N-be75np_150,ILS,22,7128745,3.525849
N-be75np_150,ILS,22,7130415,4.144063
N-be75np_150,ILS,22,7135095,4.881609
N-be75np_150,ILS,22,7136200,5.369600
N-be75np_150,ILS,22,7136682,5.407740
N-be75np_150,ILS,22,7139033,5.761433
N-be75np_150,ILS,22,7139033,5.761463
N-be75np_150,ILS,23,7063816,0.251813
N-be75np_150,ILS,23,7073530,0.350873
N-be75np_150,ILS,23,7074045,0.390010
N-be75np_150,ILS,23,7080493,0.616135
N-be75np_150,ILS,23,7085392,0.670724
N-be75np_150,ILS,23,7089356,1.367450
N-be75np_150,ILS,23,7091660,1.926670
N-be75np_150,ILS,23,7094829,2.011651
N-be75np_150,ILS,23,7102292,2.065275
N-be75np_150,ILS,23,7106203,2.129428
N-be75np_150,ILS,23,7106348,2.757053
N-be75np_150,ILS,23,7106422,3.030357
N-be75np_150,ILS,23,7108493,3.830360
N-be75np_150,ILS,23,7109902,4.910286
N-be75np_150,ILS,23,7109969,5.736660
N-be75np_150,ILS,23,7110699,7.703968
N-be75np_150,ILS,23,7111438,7.804722
N-be75np_150,ILS,23,7112974,9.762983
N-be75np_150,ILS,23,7113103,11.489998
N-be75np_150,ILS,23,7118887,12.568646
N-be75np_150,ILS,23,7119478,12.740621
N-be75np_150,ILS,23,7119657,13.280476
N-be75np_150,ILS,23,7122761,13.611255
N-be75np_150,ILS,23,7122993,15.714311
N-be75np_150,ILS,23,7123102,16.681634
N-be75np_150,ILS,23,7123988,16.752448
N-be75np_150,ILS,23,7125346,18.405386
N-be75np_150,ILS,23,7125512,19.364303
N-be75np_150,ILS,23,7125602,20.525007
N-be75np_150,ILS,23,7126711,20.790152
N-be75np_150,ILS,23,7126891,22.081693
N-be75np_150,ILS,23,7127320,24.999348
N-be75np_150,ILS,23,7127869,27.352742
N-be75np_150,ILS,23,7130816,28.908885
N-be75np_150,ILS,23,7132345,30.104437
N-be75np_150,ILS,23,7132435,30.369761
N-be75np_150,ILS,23,7132711,30.808816
N-be75np_150,ILS,23,7132833,31.234950
N-be75np_150,ILS,23,7133286,32.616929
N-be75np_150,ILS,23,7133314,36.295601
N-be75np_150,ILS,23,7134066,38.275908
N-be75np_150,ILS,23,7134328,40.289097
N-be75np_150,ILS,23,7134514,40.640506
N-be75np_150,ILS,23,7134969,41.811909
N-be75np_150,ILS,23,7135222,41.864464
N-be75np_150,ILS,23,7135827,42.145503
N-be75np_150,ILS,23,7136062,47.347906
N-be75np_150,ILS,23,7136299,50.991570
N-be75np_150,ILS,23,7136837,52.759320
N-be75np_150,ILS,23,7137156,53.855519
N-be75np_150,ILS,23,7137172,55.962705
N-be75np_150,ILS,23,7137375,56.002157
N-be75np_150,ILS,23,7137436,57.467388
N-be75np_150,ILS,23,7137635,67.110759
N-be75np_150,ILS,23,7137690,67.833488
N-be75np_150,ILS,23,7137868,73.279871
N-be75np_150,ILS,23,7138055,74.749611
N-be75np_150,ILS,23,7138243,74.837866
N-be75np_150,ILS,23,7138561,82.133318
N-be75np_150,ILS,23,7138561,82.133339
N-be75np_150,ILS,24,7063816,0.249033
N-be75np_150,ILS,24,7074372,0.422587
N-be75np_150,ILS,24,7087594,0.478231
N-be75np_150,ILS,24,7106381,0.657072
N-be75np_150,ILS,24,7107932,0.786264
N-be75np_150,ILS,24,7108950,1.194439
N-be75np_150,ILS,24,7110462,1.243541
N-be75np_150,ILS,24,7110471,1.517731
N-be75np_150,ILS,24,7116487,1.574931
N-be75np_150,ILS,24,7117560,2.030224
N-be75np_150,ILS,24,7119999,3.032130
N-be75np_150,ILS,24,7128091,5.066826
N-be75np_150,ILS,24,7128112,5.790792
N-be75np_150,ILS,24,7132520,6.967051
N-be75np_150,ILS,24,7133217,8.340605
N-be75np_150,ILS,24,7134186,9.157187
N-be75np_150,ILS,24,7136441,10.244092
N-be75np_150,ILS,24,7136604,12.070143
N-be75np_150,ILS,24,7139318,12.093169
N-be75np_150,ILS,24,7139318,12.093189
N-be75np_150,ILS,25,7063816,0.250667
N-be75np_150,ILS,25,7070593,0.310279
N-be75np_150,ILS,25,7082057,0.373190
N-be75np_150,ILS,25,7093889,0.482212
N-be75np_150,ILS,25,7105107,0.559243
N-be75np_150,ILS,25,7111916,0.587195
N-be75np_150,ILS,25,7112411,0.808208
N-be75np_150,ILS,25,7115794,1.109673
N-be75np_150,ILS,25,7117634,1.221365
N-be75np_150,ILS,25,7118278,1.809581
N-be75np_150,ILS,25,7120564,1.865792
N-be75np_150,ILS,25,7121840,2.186316
N-be75np_150,ILS,25,7123518,2.516868
N-be75np_150,ILS,25,7123524,2.704544
N-be75np_150,ILS,25,7128399,3.009864
N-be75np_150,ILS,25,7130781,3.333745
N-be75np_150,ILS,25,7134501,3.685568
N-be75np_150,ILS,25,7136066,3.909463
N-be75np_150,ILS,25,7136853,4.358325
N-be75np_150,ILS,25,7137261,4.459701
N-be75np_150,ILS,25,7138473,4.818106
N-be75np_150,ILS,25,7138473,4.818132
N-be75np_150,MA,1,7095978,6.138708
N-be75np_150,MA,1,7122709,10.723217
N-be75np_150,MA,1,7128141,15.673838
N-be75np_150,MA,1,7134383,17.087773
N-be75np_150,MA,1,7134856,19.370448
N-be75np_150,MA,1,7138973,19.595776
N-be75np_150,MA,1,7138973,19.595802
N-be75np_150,MA,2,7094944,5.944567
N-be75np_150,MA,2,7102762,10.555491
N-be75np_150,MA,2,7108946,12.692501
N-be75np_150,MA,2,7121192,14.685889
N-be75np_150,MA,2,7122981,18.166875
N-be75np_150,MA,2,7135033,21.294986
N-be75np_150,MA,2,7140235,24.055659
N-be75np_150,MA,2,7140235,24.055686
N-be75np_150,MA,3,7084651,6.068544
N-be75np_150,MA,3,7104190,8.337458
N-be75np_150,MA,3,7125677,12.205162
N-be75np_150,MA,3,7130843,15.699118
N-be75np_150,MA,3,7133878,18.641259
N-be75np_150,MA,3,7138591,19.914262
N-be75np_150,MA,3,7138591,19.914288
N-be75np_150,MA,4,7084548,5.771384
N-be75np_150,MA,4,7120917,8.143809
N-be75np_150,MA,4,7123084,14.187893
N-be75np_150,MA,4,7127433,17.207164
N-be75np_150,MA,4,7129366,18.580892
N-be75np_150,MA,4,7132912,19.844497
N-be75np_150,MA,4,7138064,20.826096
N-be75np_150,MA,4,7138686,21.057454
N-be75np_150,MA,4,7138686,21.057478
N-be75np_150,MA,5,7104295,6.015482
N-be75np_150,MA,5,7107919,10.526574
N-be75np_150,MA,5,7113614,12.504573
N-be75np_150,MA,5,7132368,14.163304
N-be75np_150,MA,5,7137026,22.666759
N-be75np_150,MA,5,7139903,24.522575
N-be75np_150,MA,5,7139903,24.522600
N-be75np_150,MA,6,7076854,6.004588
N-be75np_150,MA,6,7099383,8.290858
N-be75np_150,MA,6,7104393,10.367740
N-be75np_150,MA,6,7119726,12.254970
N-be75np_150,MA,6,7129317,16.994005
N-be75np_150,MA,6,7132657,18.548691
N-be75np_150,MA,6,7135242,19.838812
N-be75np_150,MA,6,7138445,21.860952
N-be75np_150,MA,6,7138939,23.323809
N-be75np_150,MA,6,7138939,23.323833
N-be75np_150,MA,7,7085743,6.091225
N-be75np_150,MA,7,7107068,8.566003
N-be75np_150,MA,7,7120703,12.696422
N-be75np_150,MA,7,7125655,16.523454
N-be75np_150,MA,7,7128428,18.104375
N-be75np_150,MA,7,7134925,19.453919
N-be75np_150,MA,7,7140474,20.845695
N-be75np_150,MA,7,7140474,20.845717
N-be75np_150,MA,8,7098214,5.956903
N-be75np_150,MA,8,7107412,8.348065
N-be75np_150,MA,8,7124509,10.337164
N-be75np_150,MA,8,7127363,15.580641
N-be75np_150,MA,8,7130849,18.126088
N-be75np_150,MA,8,7140340,19.072376
N-be75np_150,MA,8,7140340,19.072399
N-be75np_150,MA,9,7085880,5.922092
N-be75np_150,MA,9,7118467,8.284443
N-be75np_150,MA,9,7118581,15.988053
N-be75np_150,MA,9,7126169,17.579788
N-be75np_150,MA,9,7127316,20.676139
N-be75np_150,MA,9,7136506,22.254432
N-be75np_150,MA,9,7139525,23.161974
N-be75np_150,MA,9,7139525,23.162002
N-be75np_150,MA,10,7086187,6.028854
N-be75np_150,MA,10,7097115,8.161847
N-be75np_150,MA,10,7119969,10.176542
N-be75np_150,MA,10,7134594,12.087814
N-be75np_150,MA,10,7136899,17.093789
N-be75np_150,MA,10,7136980,20.935173
N-be75np_150,MA,10,7142731,21.075995
N-be75np_150,MA,10,7142731,21.076032
N-be75np_150,MA,11,7098716,6.021759
N-be75np_150,MA,11,7099667,8.286736
N-be75np_150,MA,11,7117649,10.275859
N-be75np_150,MA,11,7117924,14.107097
N-be75np_150,MA,11,7123442,15.967265
N-be75np_150,MA,11,7132072,17.592862
N-be75np_150,MA,11,7137319,20.777302
N-be75np_150,MA,11,7143534,21.831939
N-be75np_150,MA,11,7143534,21.831963
N-be75np_150,MA,12,7068729,5.804183
N-be75np_150,MA,12,7084464,8.143985
N-be75np_150,MA,12,7107452,10.239258
N-be75np_150,MA,12,7113750,12.197147
N-be75np_150,MA,12,7120772,14.016645
N-be75np_150,MA,12,7122528,15.837801
N-be75np_150,MA,12,7126197,18.758739
N-be75np_150,MA,12,7130576,20.111645
N-be75np_150,MA,12,7146905,20.306125
N-be75np_150,MA,12,7146905,20.306152
N-be75np_150,MA,13,7081020,6.041742
N-be75np_150,MA,13,7103977,8.429522
N-be75np_150,MA,13,7113257,10.607011
N-be75np_150,MA,13,7122139,12.593668
N-be75np_150,MA,13,7123803,14.387014
N-be75np_150,MA,13,7128857,17.593848
N-be75np_150,MA,13,7130048,18.928049
N-be75np_150,MA,13,7136647,19.948939
N-be75np_150,MA,13,7147853,21.920540
N-be75np_150,MA,13,7147853,21.920568
N-be75np_150,MA,14,7096761,6.113435
N-be75np_150,MA,14,7111124,8.415508
N-be75np_150,MA,14,7129473,10.444786
N-be75np_150,MA,14,7132537,21.218604
N-be75np_150,MA,14,7137086,22.675983
N-be75np_150,MA,14,7143129,25.182643
N-be75np_150,MA,14,7143129,25.182668
N-be75np_150,MA,15,7098909,5.784747
N-be75np_150,MA,15,7119248,8.097966
N-be75np_150,MA,15,7121757,10.350998
N-be75np_150,MA,15,7130546,13.745594
N-be75np_150,MA,15,7132519,17.136157
N-be75np_150,MA,15,7151837,17.929473
N-be75np_150,MA,15,7151837,17.929504
N-be75np_150,MA,16,7093516,5.994205
N-be75np_150,MA,16,7101640,8.254748
N-be75np_150,MA,16,7121442,10.440387
N-be75np_150,MA,16,7126873,14.278409
N-be75np_150,MA,16,7131504,17.906243
N-be75np_150,MA,16,7140112,21.556163
N-be75np_150,MA,16,7140112,21.556191
N-be75np_150,MA,17,7093809,6.017845
N-be75np_150,MA,17,7106118,8.257953
N-be75np_150,MA,17,7118791,10.287732
N-be75np_150,MA,17,7126410,12.063408
N-be75np_150,MA,17,7131462,13.874248
N-be75np_150,MA,17,7131465,15.539835
N-be75np_150,MA,17,7131771,17.048059
N-be75np_150,MA,17,7140556,17.114588
N-be75np_150,MA,17,7140556,17.114615
N-be75np_150,MA,18,7105903,6.093063
N-be75np_150,MA,18,7108230,8.290753
N-be75np_150,MA,18,7116749,10.227091
N-be75np_150,MA,18,7119842,12.140286
N-be75np_150,MA,18,7131114,15.448605
N-be75np_150,MA,18,7134821,18.781500
N-be75np_150,MA,18,7141036,22.078973
N-be75np_150,MA,18,7141036,22.079000
N-be75np_150,MA,19,7092908,6.073531
N-be75np_150,MA,19,7107890,10.514844
N-be75np_150,MA,19,7118847,12.501757
N-be75np_150,MA,19,7126319,14.183854
N-be75np_150,MA,19,7131481,15.707035
N-be75np_150,MA,19,7136400,18.944485
N-be75np_150,MA,19,7136970,20.707435
N-be75np_150,MA,19,7137875,21.890579
N-be75np_150,MA,19,7138529,22.131088
N-be75np_150,MA,19,7138529,22.131113
N-be75np_150,MA,20,7101119,6.031827
N-be75np_150,MA,20,7112405,8.255872
N-be75np_150,MA,20,7130089,13.968717
N-be75np_150,MA,20,7137282,15.851643
N-be75np_150,MA,20,7154981,17.184868
N-be75np_150,MA,20,7154981,17.184890
N-be75np_150,MA,21,7095589,5.833936
N-be75np_150,MA,21,7107778,8.176246
N-be75np_150,MA,21,7115303,10.249823
N-be75np_150,MA,21,7132804,12.041659
N-be75np_150,MA,21,7137391,15.462795
N-be75np_150,MA,21,7147262,16.320496
N-be75np_150,MA,21,7147262,16.320522
N-be75np_150,MA,22,7105238,6.162179
N-be75np_150,MA,22,7116157,8.394843
N-be75np_150,MA,22,7126628,12.547463
N-be75np_150,MA,22,7130628,14.492316
N-be75np_150,MA,22,7142731,16.975463
N-be75np_150,MA,22,7142731,16.975488
N-be75np_150,MA,23,7108960,6.100894
N-be75np_150,MA,23,7109607,8.427650
N-be75np_150,MA,23,7114725,10.633857
N-be75np_150,MA,23,7128471,12.655379
N-be75np_150,MA,23,7132723,14.394392
N-be75np_150,MA,23,7136712,15.783436
N-be75np_150,MA,23,7141062,17.449046
N-be75np_150,MA,23,7141062,17.449067
N-be75np_150,MA,24,7105994,6.188919
N-be75np_150,MA,24,7110688,10.613637
N-be75np_150,MA,24,7118919,12.452794
N-be75np_150,MA,24,7118938,14.357830
N-be75np_150,MA,24,7126892,16.332960
N-be75np_150,MA,24,7136472,17.965896
N-be75np_150,MA,24,7143549,19.015357
N-be75np_150,MA,24,7143549,19.015383
N-be75np_150,MA,25,7088134,5.854893
N-be75np_150,MA,25,7103923,8.023255
N-be75np_150,MA,25,7110763,10.226674
N-be75np_150,MA,25,7114174,12.176012
N-be75np_150,MA,25,7119679,15.638406
N-be75np_150,MA,25,7130754,17.382523
N-be75np_150,MA,25,7136948,18.788139
N-be75np_150,MA,25,7140180,20.240329
N-be75np_150,MA,25,7140180,20.240356
